{
    "checkPoint": {
        "lastCheckPos": {
            "x": 26.299999237060548,
            "y": -1.514263203716837e-7,
            "z": 117.80000305175781
        },
        "lastCheckRot": {
            "x": 0.0,
            "y": 0.0,
            "z": 0.0,
            "w": 1.0
        },
        "scene": "02 level 2"
    },
    "lifes": 5,
    "llaves": {
        "roja": 0,
        "azul": 0,
        "verde": 0,
        "amarilla": 0
    }
}