{
    "checkPoint": {
        "lastCheckPos": {
            "x": 89.34090423583985,
            "y": -2.384185791015625e-7,
            "z": 107.50070190429688
        },
        "lastCheckRot": {
            "x": 0.0,
            "y": -0.6172188520431519,
            "z": 0.0,
            "w": -0.7867915630340576
        },
        "scene": "03 Level 3"
    },
    "lifes": 2,
    "llaves": {
        "roja": 0,
        "azul": 0,
        "verde": 0,
        "amarilla": 0
    }
}