{
    "checkPoint": {
        "lastCheckPos": {
            "x": 101.0,
            "y": -0.0000028014183044433595,
            "z": 45.7400016784668
        },
        "lastCheckRot": {
            "x": 0.0,
            "y": 0.3357870280742645,
            "z": 0.0,
            "w": -0.9419379830360413
        },
        "scene": "03 Level 3"
    },
    "lifes": 4,
    "llaves": {
        "roja": 0,
        "azul": 0,
        "verde": 0,
        "amarilla": 0
    }
}