{
    "checkPoint": {
        "lastCheckPos": {
            "x": 95.01254272460938,
            "y": 8.940696716308594e-7,
            "z": 71.33311462402344
        },
        "lastCheckRot": {
            "x": 0.0,
            "y": 0.005912059918045998,
            "z": 0.0,
            "w": -0.9999825954437256
        },
        "scene": "03 Level 3"
    },
    "lifes": 5,
    "llaves": {
        "roja": 1,
        "azul": 0,
        "verde": 0,
        "amarilla": 0
    }
}